{
  "登出清理-1" : {
    "transaction" : "登出清理-1",
    "sampleCount" : 500,
    "errorCount" : 500,
    "errorPct" : 100.0,
    "meanResTime" : 2.1640000000000006,
    "medianResTime" : 2.0,
    "minResTime" : 1.0,
    "maxResTime" : 25.0,
    "pct1ResTime" : 4.0,
    "pct2ResTime" : 5.0,
    "pct3ResTime" : 7.990000000000009,
    "throughput" : 32.478077297823965,
    "receivedKBytesPerSec" : 13.701688860019487,
    "sentKBytesPerSec" : 5.899338259175057
  },
  "登出清理-0" : {
    "transaction" : "登出清理-0",
    "sampleCount" : 500,
    "errorCount" : 0,
    "errorPct" : 0.0,
    "meanResTime" : 3.0580000000000007,
    "medianResTime" : 2.0,
    "minResTime" : 0.0,
    "maxResTime" : 20.0,
    "pct1ResTime" : 5.0,
    "pct2ResTime" : 8.0,
    "pct3ResTime" : 15.990000000000009,
    "throughput" : 32.45067497403946,
    "receivedKBytesPerSec" : 18.719349323403428,
    "sentKBytesPerSec" : 8.505626135773625
  },
  "POST /api/auth/login" : {
    "transaction" : "POST /api/auth/login",
    "sampleCount" : 500,
    "errorCount" : 0,
    "errorPct" : 0.0,
    "meanResTime" : 444.0359999999996,
    "medianResTime" : 425.0,
    "minResTime" : 95.0,
    "maxResTime" : 1498.0,
    "pct1ResTime" : 632.8000000000001,
    "pct2ResTime" : 790.0499999999997,
    "pct3ResTime" : 1156.2100000000007,
    "throughput" : 32.14193880174852,
    "receivedKBytesPerSec" : 22.99529723257907,
    "sentKBytesPerSec" : 9.002253953458473
  },
  "准备并发测试数据" : {
    "transaction" : "准备并发测试数据",
    "sampleCount" : 100,
    "errorCount" : 0,
    "errorPct" : 0.0,
    "meanResTime" : 718.8799999999999,
    "medianResTime" : 713.0,
    "minResTime" : 693.0,
    "maxResTime" : 790.0,
    "pct1ResTime" : 747.0,
    "pct2ResTime" : 785.5999999999999,
    "pct3ResTime" : 790.0,
    "throughput" : 126.42225031605561,
    "receivedKBytesPerSec" : 3.580317635903919,
    "sentKBytesPerSec" : 0.0
  },
  "注册测试用户" : {
    "transaction" : "注册测试用户",
    "sampleCount" : 500,
    "errorCount" : 0,
    "errorPct" : 0.0,
    "meanResTime" : 438.4739999999997,
    "medianResTime" : 431.0,
    "minResTime" : 103.0,
    "maxResTime" : 1396.0,
    "pct1ResTime" : 614.8000000000001,
    "pct2ResTime" : 667.8499999999999,
    "pct3ResTime" : 1082.7400000000002,
    "throughput" : 32.16882197773918,
    "receivedKBytesPerSec" : 20.30707151129126,
    "sentKBytesPerSec" : 13.351317715370264
  },
  "GET /api/tasks/{id}" : {
    "transaction" : "GET /api/tasks/{id}",
    "sampleCount" : 500,
    "errorCount" : 0,
    "errorPct" : 0.0,
    "meanResTime" : 260.314,
    "medianResTime" : 285.0,
    "minResTime" : 6.0,
    "maxResTime" : 972.0,
    "pct1ResTime" : 482.0,
    "pct2ResTime" : 516.9,
    "pct3ResTime" : 710.8500000000001,
    "throughput" : 30.09872381411028,
    "receivedKBytesPerSec" : 23.279481699975925,
    "sentKBytesPerSec" : 5.437757720322659
  },
  "并发创建预约" : {
    "transaction" : "并发创建预约",
    "sampleCount" : 100,
    "errorCount" : 79,
    "errorPct" : 79.0,
    "meanResTime" : 437.9700000000001,
    "medianResTime" : 446.5,
    "minResTime" : 211.0,
    "maxResTime" : 828.0,
    "pct1ResTime" : 568.9,
    "pct2ResTime" : 582.9,
    "pct3ResTime" : 827.3299999999997,
    "throughput" : 118.90606420927467,
    "receivedKBytesPerSec" : 75.56224918252082,
    "sentKBytesPerSec" : 38.551575505350776
  },
  "GET /api/tasks/{id}/slots" : {
    "transaction" : "GET /api/tasks/{id}/slots",
    "sampleCount" : 500,
    "errorCount" : 0,
    "errorPct" : 0.0,
    "meanResTime" : 266.68799999999993,
    "medianResTime" : 290.5,
    "minResTime" : 4.0,
    "maxResTime" : 982.0,
    "pct1ResTime" : 494.90000000000003,
    "pct2ResTime" : 525.95,
    "pct3ResTime" : 927.5700000000004,
    "throughput" : 30.299357653617744,
    "receivedKBytesPerSec" : 20.191681311356202,
    "sentKBytesPerSec" : 5.651540343594716
  },
  "POST /api/auth/register" : {
    "transaction" : "POST /api/auth/register",
    "sampleCount" : 500,
    "errorCount" : 0,
    "errorPct" : 0.0,
    "meanResTime" : 463.68000000000023,
    "medianResTime" : 445.0,
    "minResTime" : 98.0,
    "maxResTime" : 1259.0,
    "pct1ResTime" : 668.0,
    "pct2ResTime" : 771.95,
    "pct3ResTime" : 1084.93,
    "throughput" : 37.5911585595068,
    "receivedKBytesPerSec" : 23.694911331854748,
    "sentKBytesPerSec" : 13.384508213668145
  },
  "准备预约测试数据" : {
    "transaction" : "准备预约测试数据",
    "sampleCount" : 500,
    "errorCount" : 0,
    "errorPct" : 0.0,
    "meanResTime" : 17.038000000000004,
    "medianResTime" : 0.0,
    "minResTime" : 0.0,
    "maxResTime" : 1728.0,
    "pct1ResTime" : 1.0,
    "pct2ResTime" : 1.0,
    "pct3ResTime" : 934.6800000000021,
    "throughput" : 26.828352202607714,
    "receivedKBytesPerSec" : 0.6811886301443365,
    "sentKBytesPerSec" : 0.0
  },
  "注册用户" : {
    "transaction" : "注册用户",
    "sampleCount" : 600,
    "errorCount" : 0,
    "errorPct" : 0.0,
    "meanResTime" : 375.8166666666666,
    "medianResTime" : 349.0,
    "minResTime" : 80.0,
    "maxResTime" : 1329.0,
    "pct1ResTime" : 644.3999999999999,
    "pct2ResTime" : 722.9499999999999,
    "pct3ResTime" : 982.97,
    "throughput" : 35.26922172584059,
    "receivedKBytesPerSec" : 22.218002365976957,
    "sentKBytesPerSec" : 14.252347607571126
  },
  "查询任务" : {
    "transaction" : "查询任务",
    "sampleCount" : 500,
    "errorCount" : 0,
    "errorPct" : 0.0,
    "meanResTime" : 211.3820000000005,
    "medianResTime" : 194.0,
    "minResTime" : 7.0,
    "maxResTime" : 983.0,
    "pct1ResTime" : 451.0,
    "pct2ResTime" : 502.0,
    "pct3ResTime" : 747.7900000000002,
    "throughput" : 29.900729577801698,
    "receivedKBytesPerSec" : 23.126345532831,
    "sentKBytesPerSec" : 7.329182738308814
  },
  "登录" : {
    "transaction" : "登录",
    "sampleCount" : 600,
    "errorCount" : 0,
    "errorPct" : 0.0,
    "meanResTime" : 350.0716666666667,
    "medianResTime" : 326.5,
    "minResTime" : 73.0,
    "maxResTime" : 1103.0,
    "pct1ResTime" : 595.0,
    "pct2ResTime" : 695.8999999999999,
    "pct3ResTime" : 940.9100000000001,
    "throughput" : 35.40449637103912,
    "receivedKBytesPerSec" : 22.63951584351213,
    "sentKBytesPerSec" : 11.604999225526642
  },
  "Total" : {
    "transaction" : "Total",
    "sampleCount" : 8900,
    "errorCount" : 1387,
    "errorPct" : 15.58427,
    "meanResTime" : 219.8459550561793,
    "medianResTime" : 160.0,
    "minResTime" : 0.0,
    "maxResTime" : 1838.0,
    "pct1ResTime" : 537.0,
    "pct2ResTime" : 635.0,
    "pct3ResTime" : 908.9499999999989,
    "throughput" : 472.09845109272226,
    "receivedKBytesPerSec" : 261.550446819303,
    "sentKBytesPerSec" : 113.2365970785593
  },
  "查询可用时段" : {
    "transaction" : "查询可用时段",
    "sampleCount" : 500,
    "errorCount" : 0,
    "errorPct" : 0.0,
    "meanResTime" : 207.5699999999999,
    "medianResTime" : 186.0,
    "minResTime" : 5.0,
    "maxResTime" : 1394.0,
    "pct1ResTime" : 445.80000000000007,
    "pct2ResTime" : 501.69999999999993,
    "pct3ResTime" : 763.94,
    "throughput" : 29.91504128275697,
    "receivedKBytesPerSec" : 17.971636334061266,
    "sentKBytesPerSec" : 7.800113303218859
  },
  "GET /api/tasks/{id}/slots/available" : {
    "transaction" : "GET /api/tasks/{id}/slots/available",
    "sampleCount" : 500,
    "errorCount" : 0,
    "errorPct" : 0.0,
    "meanResTime" : 252.11599999999984,
    "medianResTime" : 268.5,
    "minResTime" : 4.0,
    "maxResTime" : 1089.0,
    "pct1ResTime" : 492.90000000000003,
    "pct2ResTime" : 533.9,
    "pct3ResTime" : 838.98,
    "throughput" : 30.18230109863576,
    "receivedKBytesPerSec" : 19.391362108384644,
    "sentKBytesPerSec" : 5.9244555867439335
  },
  "准备登录测试用户" : {
    "transaction" : "准备登录测试用户",
    "sampleCount" : 500,
    "errorCount" : 0,
    "errorPct" : 0.0,
    "meanResTime" : 17.89799999999998,
    "medianResTime" : 0.0,
    "minResTime" : 0.0,
    "maxResTime" : 1754.0,
    "pct1ResTime" : 1.0,
    "pct2ResTime" : 1.0,
    "pct3ResTime" : 982.8900000000019,
    "throughput" : 29.256875365710943,