{
  "登出清理-1" : {
    "transaction" : "登出清理-1",
    "sampleCount" : 500,
    "errorCount" : 500,
    "errorPct" : 100.0,
    "meanResTime" : 2.7160000000000006,
    "medianResTime" : 2.0,
    "minResTime" : 1.0,
    "maxResTime" : 20.0,
    "pct1ResTime" : 4.0,
    "pct2ResTime" : 6.0,
    "pct3ResTime" : 10.990000000000009,
    "throughput" : 31.88978888959755,
    "receivedKBytesPerSec" : 13.453504687798967,
    "sentKBytesPerSec" : 5.792481185024555
  },
  "登出清理-0" : {
    "transaction" : "登出清理-0",
    "sampleCount" : 500,
    "errorCount" : 0,
    "errorPct" : 0.0,
    "meanResTime" : 3.556000000000001,
    "medianResTime" : 3.0,
    "minResTime" : 0.0,
    "maxResTime" : 46.0,
    "pct1ResTime" : 6.0,
    "pct2ResTime" : 8.0,
    "pct3ResTime" : 18.0,
    "throughput" : 31.87149413564508,
    "receivedKBytesPerSec" : 18.38524568938042,
    "sentKBytesPerSec" : 8.353817408210096
  },
  "POST /api/auth/login" : {
    "transaction" : "POST /api/auth/login",
    "sampleCount" : 500,
    "errorCount" : 0,
    "errorPct" : 0.0,
    "meanResTime" : 473.3940000000001,
    "medianResTime" : 459.0,
    "minResTime" : 97.0,
    "maxResTime" : 1389.0,
    "pct1ResTime" : 731.0,
    "pct2ResTime" : 840.8,
    "pct3ResTime" : 1015.96,
    "throughput" : 31.480198954857396,
    "receivedKBytesPerSec" : 22.502009322073917,
    "sentKBytesPerSec" : 8.816915097903419
  },
  "准备并发测试数据" : {
    "transaction" : "准备并发测试数据",
    "sampleCount" : 100,
    "errorCount" : 0,
    "errorPct" : 0.0,
    "meanResTime" : 728.0900000000001,
    "medianResTime" : 732.0,
    "minResTime" : 708.0,
    "maxResTime" : 739.0,
    "pct1ResTime" : 737.0,
    "pct2ResTime" : 737.0,
    "pct3ResTime" : 738.99,
    "throughput" : 134.9527665317139,
    "receivedKBytesPerSec" : 3.8219045209176787,
    "sentKBytesPerSec" : 0.0
  },
  "注册测试用户" : {
    "transaction" : "注册测试用户",
    "sampleCount" : 500,
    "errorCount" : 0,
    "errorPct" : 0.0,
    "meanResTime" : 474.00199999999967,
    "medianResTime" : 468.0,
    "minResTime" : 96.0,
    "maxResTime" : 1602.0,
    "pct1ResTime" : 739.0000000000003,
    "pct2ResTime" : 903.2999999999998,
    "pct3ResTime" : 1164.6400000000003,
    "throughput" : 31.440608690184245,
    "receivedKBytesPerSec" : 19.82717244780859,
    "sentKBytesPerSec" : 13.04908075520342
  },
  "GET /api/tasks/{id}" : {
    "transaction" : "GET /api/tasks/{id}",
    "sampleCount" : 500,
    "errorCount" : 500,
    "errorPct" : 100.0,
    "meanResTime" : 275.2580000000001,
    "medianResTime" : 304.5,
    "minResTime" : 3.0,
    "maxResTime" : 1349.0,
    "pct1ResTime" : 479.0,
    "pct2ResTime" : 684.0,
    "pct3ResTime" : 875.96,
    "throughput" : 28.80682145532062,
    "receivedKBytesPerSec" : 10.690031399435387,
    "sentKBytesPerSec" : 5.204357391830386
  },
  "并发创建预约" : {
    "transaction" : "并发创建预约",
    "sampleCount" : 100,
    "errorCount" : 100,
    "errorPct" : 100.0,
    "meanResTime" : 330.5,
    "medianResTime" : 328.0,
    "minResTime" : 51.0,
    "maxResTime" : 647.0,
    "pct1ResTime" : 400.9,
    "pct2ResTime" : 463.8999999999995,
    "pct3ResTime" : 645.2099999999991,
    "throughput" : 154.5595054095827,
    "receivedKBytesPerSec" : 88.281551874034,
    "sentKBytesPerSec" : 50.111089644513136
  },
  "GET /api/tasks/{id}/slots" : {
    "transaction" : "GET /api/tasks/{id}/slots",
    "sampleCount" : 500,
    "errorCount" : 500,
    "errorPct" : 100.0,
    "meanResTime" : 283.6040000000005,
    "medianResTime" : 304.0,
    "minResTime" : 3.0,
    "maxResTime" : 1731.0,
    "pct1ResTime" : 519.2000000000013,
    "pct2ResTime" : 706.55,
    "pct3ResTime" : 914.98,
    "throughput" : 28.885037550548816,
    "receivedKBytesPerSec" : 16.63969977614096,
    "sentKBytesPerSec" : 5.387736496244946
  },
  "POST /api/auth/register" : {
    "transaction" : "POST /api/auth/register",
    "sampleCount" : 500,
    "errorCount" : 0,
    "errorPct" : 0.0,
    "meanResTime" : 475.7499999999999,
    "medianResTime" : 470.0,
    "minResTime" : 95.0,
    "maxResTime" : 1217.0,
    "pct1ResTime" : 756.8000000000001,
    "pct2ResTime" : 829.8,
    "pct3ResTime" : 1078.4900000000005,
    "throughput" : 38.79878947776829,
    "receivedKBytesPerSec" : 24.420427926398695,
    "sentKBytesPerSec" : 13.814490862885078
  },
  "准备预约测试数据" : {
    "transaction" : "准备预约测试数据",
    "sampleCount" : 500,
    "errorCount" : 0,
    "errorPct" : 0.0,
    "meanResTime" : 17.360000000000024,
    "medianResTime" : 0.0,
    "minResTime" : 0.0,
    "maxResTime" : 1746.0,
    "pct1ResTime" : 1.0,
    "pct2ResTime" : 1.0,
    "pct3ResTime" : 942.0300000000018,
    "throughput" : 25.912106135986733,
    "receivedKBytesPerSec" : 0.6579245698590381,
    "sentKBytesPerSec" : 0.0
  },
  "注册用户" : {
    "transaction" : "注册用户",
    "sampleCount" : 600,
    "errorCount" : 0,
    "errorPct" : 0.0,
    "meanResTime" : 419.8883333333329,
    "medianResTime" : 400.5,
    "minResTime" : 74.0,
    "maxResTime" : 1460.0,
    "pct1ResTime" : 775.8,
    "pct2ResTime" : 874.0,
    "pct3ResTime" : 1068.91,
    "throughput" : 34.002040122407344,
    "receivedKBytesPerSec" : 21.40069810438626,
    "sentKBytesPerSec" : 13.740277541652498
  },
  "查询任务" : {
    "transaction" : "查询任务",
    "sampleCount" : 500,
    "errorCount" : 500,
    "errorPct" : 100.0,
    "meanResTime" : 208.15599999999978,
    "medianResTime" : 148.5,
    "minResTime" : 4.0,
    "maxResTime" : 1308.0,
    "pct1ResTime" : 445.90000000000003,
    "pct2ResTime" : 598.4999999999999,
    "pct3ResTime" : 879.7600000000002,
    "throughput" : 30.131372785344098,
    "receivedKBytesPerSec" : 11.181564119561287,
    "sentKBytesPerSec" : 7.385717352657586
  },
  "登录" : {
    "transaction" : "登录",
    "sampleCount" : 600,
    "errorCount" : 0,
    "errorPct" : 0.0,
    "meanResTime" : 374.2650000000002,
    "medianResTime" : 359.5,
    "minResTime" : 71.0,
    "maxResTime" : 1445.0,
    "pct1ResTime" : 645.2999999999998,
    "pct2ResTime" : 780.8999999999999,
    "pct3ResTime" : 999.8800000000001,
    "throughput" : 34.27983774210135,
    "receivedKBytesPerSec" : 21.90115623036051,
    "sentKBytesPerSec" : 11.236355017711249
  },
  "Total" : {
    "transaction" : "Total",
    "sampleCount" : 8900,
    "errorCount" : 4100,
    "errorPct" : 46.067417,
    "meanResTime" : 231.80123595505648,
    "medianResTime" : 149.0,
    "minResTime" : 0.0,
    "maxResTime" : 1786.0,
    "pct1ResTime" : 558.9000000000005,
    "pct2ResTime" : 727.0,
    "pct3ResTime" : 973.9899999999998,
    "throughput" : 456.3166529942576,
    "receivedKBytesPerSec" : 224.67005966724773,
    "sentKBytesPerSec" : 109.45120632306192
  },
  "查询可用时段" : {
    "transaction" : "查询可用时段",
    "sampleCount" : 500,
    "errorCount" : 500,
    "errorPct" : 100.0,
    "meanResTime" : 228.46800000000016,
    "medianResTime" : 190.0,
    "minResTime" : 5.0,
    "maxResTime" : 1345.0,
    "pct1ResTime" : 462.7000000000001,
    "pct2ResTime" : 658.0,
    "pct3ResTime" : 913.99,
    "throughput" : 30.374825344754267,
    "receivedKBytesPerSec" : 17.794130349766114,
    "sentKBytesPerSec" : 7.91999840532167
  },
  "GET /api/tasks/{id}/slots/available" : {
    "transaction" : "GET /api/tasks/{id}/slots/available",
    "sampleCount" : 500,
    "errorCount" : 500,
    "errorPct" : 100.0,
    "meanResTime" : 258.8960000000002,
    "medianResTime" : 276.0,
    "minResTime" : 4.0,
    "maxResTime" : 1334.0,
    "pct1ResTime" : 455.90000000000003,
    "pct2ResTime" : 649.0,
    "pct3ResTime" : 928.8800000000001,
    "throughput" : 28.775322283609576,
    "receivedKBytesPerSec" : 16.857842714088395,
    "sentKBytesPerSec" : 5.648281034185082
  },
  "准备登录测试用户" : {
    "transaction" : "准备登录测试用户",
    "sampleCount" : 500,
    "errorCount" : 0,
    "errorPct" : 0.0,
    "meanResTime" : 18.05599999999998,
    "medianResTime" : 0.0,
    "minResTime" : 0.0,
    "maxResTime" : 1768.0,
    "pct1ResTime" : 1.0,
    "pct2ResTime" : 1.0,
    "pct3ResTime" : 974.850000000002,
    "throughput" : 28.640164967350213,