{
  "登出清理-1" : {
    "transaction" : "登出清理-1",
    "sampleCount" : 500,
    "errorCount" : 500,
    "errorPct" : 100.0,
    "meanResTime" : 2.1619999999999995,
    "medianResTime" : 2.0,
    "minResTime" : 1.0,
    "maxResTime" : 19.0,
    "pct1ResTime" : 4.0,
    "pct2ResTime" : 5.0,
    "pct3ResTime" : 8.990000000000009,
    "throughput" : 32.87959492339054,
    "receivedKBytesPerSec" : 13.871079108305384,
    "sentKBytesPerSec" : 5.972270171631485
  },
  "登出清理-0" : {
    "transaction" : "登出清理-0",
    "sampleCount" : 500,
    "errorCount" : 0,
    "errorPct" : 0.0,
    "meanResTime" : 3.2439999999999984,
    "medianResTime" : 2.0,
    "minResTime" : 0.0,
    "maxResTime" : 58.0,
    "pct1ResTime" : 6.0,
    "pct2ResTime" : 7.0,
    "pct3ResTime" : 18.980000000000018,
    "throughput" : 32.83856561145409,
    "receivedKBytesPerSec" : 18.94310615887298,
    "sentKBytesPerSec" : 8.607295908314724
  },
  "POST /api/auth/login" : {
    "transaction" : "POST /api/auth/login",
    "sampleCount" : 500,
    "errorCount" : 0,
    "errorPct" : 0.0,
    "meanResTime" : 426.53799999999984,
    "medianResTime" : 432.5,
    "minResTime" : 80.0,
    "maxResTime" : 1439.0,
    "pct1ResTime" : 574.6000000000001,
    "pct2ResTime" : 747.3499999999999,
    "pct3ResTime" : 987.8500000000001,
    "throughput" : 32.32479958624256,
    "receivedKBytesPerSec" : 23.126121266485647,
    "sentKBytesPerSec" : 9.053469259115593
  },
  "准备并发测试数据" : {
    "transaction" : "准备并发测试数据",
    "sampleCount" : 100,
    "errorCount" : 0,
    "errorPct" : 0.0,
    "meanResTime" : 601.3800000000001,
    "medianResTime" : 598.0,
    "minResTime" : 589.0,
    "maxResTime" : 626.0,
    "pct1ResTime" : 620.0,
    "pct2ResTime" : 622.0,
    "pct3ResTime" : 625.98,
    "throughput" : 159.4896331738437,
    "receivedKBytesPerSec" : 4.51679625199362,
    "sentKBytesPerSec" : 0.0
  },
  "注册测试用户" : {
    "transaction" : "注册测试用户",
    "sampleCount" : 500,
    "errorCount" : 0,
    "errorPct" : 0.0,
    "meanResTime" : 425.7579999999998,
    "medianResTime" : 438.5,
    "minResTime" : 97.0,
    "maxResTime" : 1338.0,
    "pct1ResTime" : 635.0000000000003,
    "pct2ResTime" : 790.0,
    "pct3ResTime" : 1005.94,
    "throughput" : 32.615786040443574,
    "receivedKBytesPerSec" : 20.587568289302023,
    "sentKBytesPerSec" : 13.536825260926289
  },
  "GET /api/tasks/{id}" : {
    "transaction" : "GET /api/tasks/{id}",
    "sampleCount" : 500,
    "errorCount" : 0,
    "errorPct" : 0.0,
    "meanResTime" : 267.0060000000001,
    "medianResTime" : 271.5,
    "minResTime" : 6.0,
    "maxResTime" : 1158.0,
    "pct1ResTime" : 460.7000000000001,
    "pct2ResTime" : 630.8499999999999,
    "pct3ResTime" : 816.99,
    "throughput" : 30.178657653307578,
    "receivedKBytesPerSec" : 23.34130552873008,
    "sentKBytesPerSec" : 5.452198892443263
  },
  "并发创建预约" : {
    "transaction" : "并发创建预约",
    "sampleCount" : 100,
    "errorCount" : 100,
    "errorPct" : 100.0,
    "meanResTime" : 424.99000000000007,
    "medianResTime" : 418.5,
    "minResTime" : 309.0,
    "maxResTime" : 706.0,
    "pct1ResTime" : 438.9,
    "pct2ResTime" : 679.5499999999972,
    "pct3ResTime" : 705.97,
    "throughput" : 136.6120218579235,
    "receivedKBytesPerSec" : 78.02894467213115,
    "sentKBytesPerSec" : 44.29217896174863
  },
  "GET /api/tasks/{id}/slots" : {
    "transaction" : "GET /api/tasks/{id}/slots",
    "sampleCount" : 500,
    "errorCount" : 0,
    "errorPct" : 0.0,
    "meanResTime" : 256.0399999999998,
    "medianResTime" : 271.0,
    "minResTime" : 3.0,
    "maxResTime" : 1444.0,
    "pct1ResTime" : 445.80000000000007,
    "pct2ResTime" : 523.75,
    "pct3ResTime" : 898.9300000000001,
    "throughput" : 30.391441769997567,
    "receivedKBytesPerSec" : 20.241175085096035,
    "sentKBytesPerSec" : 5.66871618952103
  },
  "POST /api/auth/register" : {
    "transaction" : "POST /api/auth/register",
    "sampleCount" : 500,
    "errorCount" : 0,
    "errorPct" : 0.0,
    "meanResTime" : 449.72999999999996,
    "medianResTime" : 449.5,
    "minResTime" : 93.0,
    "maxResTime" : 1398.0,
    "pct1ResTime" : 673.8000000000001,
    "pct2ResTime" : 755.95,
    "pct3ResTime" : 996.9300000000001,
    "throughput" : 39.425958050780636,
    "receivedKBytesPerSec" : 24.85021216093676,
    "sentKBytesPerSec" : 14.037797173158808
  },
  "准备预约测试数据" : {
    "transaction" : "准备预约测试数据",
    "sampleCount" : 500,
    "errorCount" : 0,
    "errorPct" : 0.0,
    "meanResTime" : 15.239999999999988,
    "medianResTime" : 0.0,
    "minResTime" : 0.0,
    "maxResTime" : 1604.0,
    "pct1ResTime" : 1.0,
    "pct2ResTime" : 1.0,
    "pct3ResTime" : 834.7200000000021,
    "throughput" : 26.488662852299218,
    "receivedKBytesPerSec" : 0.6725637052341598,
    "sentKBytesPerSec" : 0.0
  },
  "注册用户" : {
    "transaction" : "注册用户",
    "sampleCount" : 600,
    "errorCount" : 0,
    "errorPct" : 0.0,
    "meanResTime" : 377.0616666666666,
    "medianResTime" : 351.0,
    "minResTime" : 81.0,
    "maxResTime" : 1044.0,
    "pct1ResTime" : 613.8,
    "pct2ResTime" : 748.8499999999998,
    "pct3ResTime" : 976.8600000000001,
    "throughput" : 34.57615397913905,
    "receivedKBytesPerSec" : 21.782076586181063,
    "sentKBytesPerSec" : 13.972277848210682
  },
  "查询任务" : {
    "transaction" : "查询任务",
    "sampleCount" : 500,
    "errorCount" : 0,
    "errorPct" : 0.0,
    "meanResTime" : 215.88200000000003,
    "medianResTime" : 177.0,
    "minResTime" : 8.0,
    "maxResTime" : 900.0,
    "pct1ResTime" : 433.7000000000001,
    "pct2ResTime" : 486.84999999999997,
    "pct3ResTime" : 812.8100000000002,
    "throughput" : 30.11866755014758,
    "receivedKBytesPerSec" : 23.29490693331727,
    "sentKBytesPerSec" : 7.382603081139691
  },
  "登录" : {
    "transaction" : "登录",
    "sampleCount" : 600,
    "errorCount" : 0,
    "errorPct" : 0.0,
    "meanResTime" : 368.25000000000017,
    "medianResTime" : 335.5,
    "minResTime" : 75.0,
    "maxResTime" : 1072.0,
    "pct1ResTime" : 614.5999999999999,
    "pct2ResTime" : 792.0,
    "pct3ResTime" : 1004.6000000000004,
    "throughput" : 34.638032559750606,
    "receivedKBytesPerSec" : 22.149398164184277,
    "sentKBytesPerSec" : 11.353765262383098
  },
  "Total" : {
    "transaction" : "Total",
    "sampleCount" : 8900,
    "errorCount" : 1600,
    "errorPct" : 17.977528,
    "meanResTime" : 217.18516853932533,
    "medianResTime" : 156.0,
    "minResTime" : 0.0,
    "maxResTime" : 1682.0,
    "pct1ResTime" : 518.0,
    "pct2ResTime" : 605.9499999999989,
    "pct3ResTime" : 893.9799999999996,
    "throughput" : 465.7491234496834,
    "receivedKBytesPerSec" : 250.62179265987228,
    "sentKBytesPerSec" : 111.71365995734993
  },
  "查询可用时段" : {
    "transaction" : "查询可用时段",
    "sampleCount" : 500,
    "errorCount" : 0,
    "errorPct" : 0.0,
    "meanResTime" : 210.91400000000004,
    "medianResTime" : 179.5,
    "minResTime" : 5.0,
    "maxResTime" : 1304.0,
    "pct1ResTime" : 423.90000000000003,
    "pct2ResTime" : 476.69999999999993,
    "pct3ResTime" : 842.8800000000001,
    "throughput" : 30.167732593218293,
    "receivedKBytesPerSec" : 16.409596732834558,
    "sentKBytesPerSec" : 7.866000588270785
  },
  "GET /api/tasks/{id}/slots/available" : {
    "transaction" : "GET /api/tasks/{id}/slots/available",
    "sampleCount" : 500,
    "errorCount" : 0,
    "errorPct" : 0.0,
    "meanResTime" : 252.03999999999976,
    "medianResTime" : 256.0,
    "minResTime" : 4.0,
    "maxResTime" : 923.0,
    "pct1ResTime" : 440.90000000000003,
    "pct2ResTime" : 609.5999999999999,
    "pct3ResTime" : 809.96,
    "throughput" : 30.248033877797944,
    "receivedKBytesPerSec" : 16.453276240169387,
    "sentKBytesPerSec" : 5.937358212341198
  },
  "准备登录测试用户" : {
    "transaction" : "准备登录测试用户",
    "sampleCount" : 500,
    "errorCount" : 0,
    "errorPct" : 0.0,
    "meanResTime" : 16.06599999999999,
    "medianResTime" : 0.0,
    "minResTime" : 0.0,
    "maxResTime" : 1659.0,
    "pct1ResTime" : 1.0,
    "pct2ResTime" : 1.0,