{
  "登出清理-1" : {
    "transaction" : "登出清理-1",
    "sampleCount" : 500,
    "errorCount" : 500,
    "errorPct" : 100.0,
    "meanResTime" : 2.4860000000000015,
    "medianResTime" : 2.0,
    "minResTime" : 1.0,
    "maxResTime" : 34.0,
    "pct1ResTime" : 4.0,
    "pct2ResTime" : 5.0,
    "pct3ResTime" : 13.0,
    "throughput" : 29.97781641585227,
    "receivedKBytesPerSec" : 12.646891300437677,
    "sentKBytesPerSec" : 5.445189309910667
  },
  "登出清理-0" : {
    "transaction" : "登出清理-0",
    "sampleCount" : 500,
    "errorCount" : 0,
    "errorPct" : 0.0,
    "meanResTime" : 3.410000000000002,
    "medianResTime" : 3.0,
    "minResTime" : 0.0,
    "maxResTime" : 27.0,
    "pct1ResTime" : 6.0,
    "pct2ResTime" : 9.0,
    "pct3ResTime" : 16.0,
    "throughput" : 29.970628783791884,
    "receivedKBytesPerSec" : 17.28872111580651,
    "sentKBytesPerSec" : 7.855582778876701
  },
  "POST /api/auth/login" : {
    "transaction" : "POST /api/auth/login",
    "sampleCount" : 500,
    "errorCount" : 0,
    "errorPct" : 0.0,
    "meanResTime" : 543.9019999999998,
    "medianResTime" : 545.0,
    "minResTime" : 96.0,
    "maxResTime" : 1580.0,
    "pct1ResTime" : 863.2000000000003,
    "pct2ResTime" : 1007.6499999999999,
    "pct3ResTime" : 1368.3000000000015,
    "throughput" : 29.631385563588953,
    "receivedKBytesPerSec" : 21.19917291395046,
    "sentKBytesPerSec" : 8.299102909802063
  },
  "准备并发测试数据" : {
    "transaction" : "准备并发测试数据",
    "sampleCount" : 100,
    "errorCount" : 0,
    "errorPct" : 0.0,
    "meanResTime" : 828.5400000000001,
    "medianResTime" : 826.0,
    "minResTime" : 823.0,
    "maxResTime" : 845.0,
    "pct1ResTime" : 838.0,
    "pct2ResTime" : 840.0,
    "pct3ResTime" : 844.96,
    "throughput" : 117.9245283018868,
    "receivedKBytesPerSec" : 3.3396594929245285,
    "sentKBytesPerSec" : 0.0
  },
  "注册测试用户" : {
    "transaction" : "注册测试用户",
    "sampleCount" : 500,
    "errorCount" : 0,
    "errorPct" : 0.0,
    "meanResTime" : 558.6659999999997,
    "medianResTime" : 560.0,
    "minResTime" : 102.0,
    "maxResTime" : 1678.0,
    "pct1ResTime" : 873.1000000000004,
    "pct2ResTime" : 1007.75,
    "pct3ResTime" : 1189.94,
    "throughput" : 29.62260797440607,
    "receivedKBytesPerSec" : 18.697998437407428,
    "sentKBytesPerSec" : 12.294539442502517
  },
  "GET /api/tasks/{id}" : {
    "transaction" : "GET /api/tasks/{id}",
    "sampleCount" : 500,
    "errorCount" : 0,
    "errorPct" : 0.0,
    "meanResTime" : 326.0860000000001,
    "medianResTime" : 358.0,
    "minResTime" : 7.0,
    "maxResTime" : 1601.0,
    "pct1ResTime" : 555.8000000000001,
    "pct2ResTime" : 781.55,
    "pct3ResTime" : 1251.770000000002,
    "throughput" : 27.898672023211695,
    "receivedKBytesPerSec" : 21.55597432624707,
    "sentKBytesPerSec" : 5.040287426068519
  },
  "并发创建预约" : {
    "transaction" : "并发创建预约",
    "sampleCount" : 100,
    "errorCount" : 72,
    "errorPct" : 72.0,
    "meanResTime" : 722.8600000000002,
    "medianResTime" : 751.5,
    "minResTime" : 177.0,
    "maxResTime" : 988.0,
    "pct1ResTime" : 906.0,
    "pct2ResTime" : 908.0,
    "pct3ResTime" : 987.3599999999997,
    "throughput" : 98.81422924901186,
    "receivedKBytesPerSec" : 64.90377192440711,
    "sentKBytesPerSec" : 32.03742588932806
  },
  "GET /api/tasks/{id}/slots" : {
    "transaction" : "GET /api/tasks/{id}/slots",
    "sampleCount" : 500,
    "errorCount" : 0,
    "errorPct" : 0.0,
    "meanResTime" : 311.2259999999998,
    "medianResTime" : 310.5,
    "minResTime" : 4.0,
    "maxResTime" : 2024.0,
    "pct1ResTime" : 535.9000000000001,
    "pct2ResTime" : 769.8,
    "pct3ResTime" : 1062.95,
    "throughput" : 27.976723366159355,
    "receivedKBytesPerSec" : 18.63900016436325,
    "sentKBytesPerSec" : 5.218314612242614
  },
  "POST /api/auth/register" : {
    "transaction" : "POST /api/auth/register",
    "sampleCount" : 500,
    "errorCount" : 0,
    "errorPct" : 0.0,
    "meanResTime" : 608.6880000000001,
    "medianResTime" : 595.5,
    "minResTime" : 98.0,
    "maxResTime" : 1762.0,
    "pct1ResTime" : 973.2000000000003,
    "pct2ResTime" : 1081.95,
    "pct3ResTime" : 1377.4600000000014,
    "throughput" : 36.64883090229422,
    "receivedKBytesPerSec" : 23.097782516675217,
    "sentKBytesPerSec" : 13.048988034156709
  },
  "准备预约测试数据" : {
    "transaction" : "准备预约测试数据",
    "sampleCount" : 500,
    "errorCount" : 0,
    "errorPct" : 0.0,
    "meanResTime" : 19.137999999999977,
    "medianResTime" : 0.0,
    "minResTime" : 0.0,
    "maxResTime" : 1833.0,
    "pct1ResTime" : 1.0,
    "pct2ResTime" : 1.0,
    "pct3ResTime" : 1026.0400000000018,
    "throughput" : 24.172105390379503,
    "receivedKBytesPerSec" : 0.6137448634276046,
    "sentKBytesPerSec" : 0.0
  },
  "注册用户" : {
    "transaction" : "注册用户",
    "sampleCount" : 600,
    "errorCount" : 0,
    "errorPct" : 0.0,
    "meanResTime" : 454.548333333333,
    "medianResTime" : 395.5,
    "minResTime" : 81.0,
    "maxResTime" : 1593.0,
    "pct1ResTime" : 870.9,
    "pct2ResTime" : 1034.8999999999999,
    "pct3ResTime" : 1125.98,
    "throughput" : 31.69739553066723,
    "receivedKBytesPerSec" : 19.967192370172754,
    "sentKBytesPerSec" : 12.808967061123145
  },
  "查询任务" : {
    "transaction" : "查询任务",
    "sampleCount" : 500,
    "errorCount" : 0,
    "errorPct" : 0.0,
    "meanResTime" : 259.5139999999999,
    "medianResTime" : 171.0,
    "minResTime" : 8.0,
    "maxResTime" : 1327.0,
    "pct1ResTime" : 535.9000000000001,
    "pct2ResTime" : 766.9,
    "pct3ResTime" : 1056.98,
    "throughput" : 28.16266756787203,
    "receivedKBytesPerSec" : 21.773977431142278,
    "sentKBytesPerSec" : 6.9031538667342565
  },
  "登录" : {
    "transaction" : "登录",
    "sampleCount" : 600,
    "errorCount" : 0,
    "errorPct" : 0.0,
    "meanResTime" : 423.6649999999997,
    "medianResTime" : 384.5,
    "minResTime" : 75.0,
    "maxResTime" : 1638.0,
    "pct1ResTime" : 760.6999999999999,
    "pct2ResTime" : 941.7499999999997,
    "pct3ResTime" : 1201.7600000000002,
    "throughput" : 31.891144892101625,
    "receivedKBytesPerSec" : 20.392892261082174,
    "sentKBytesPerSec" : 10.453381624056554
  },
  "Total" : {
    "transaction" : "Total",
    "sampleCount" : 8900,
    "errorCount" : 1171,
    "errorPct" : 13.157304,
    "meanResTime" : 271.2144943820227,
    "medianResTime" : 169.0,
    "minResTime" : 0.0,
    "maxResTime" : 2024.0,
    "pct1ResTime" : 648.0,
    "pct2ResTime" : 838.0,
    "pct3ResTime" : 1127.9799999999996,
    "throughput" : 425.1456959969428,
    "receivedKBytesPerSec" : 240.73054003057226,
    "sentKBytesPerSec" : 101.9746024708608
  },
  "查询可用时段" : {
    "transaction" : "查询可用时段",
    "sampleCount" : 500,
    "errorCount" : 0,
    "errorPct" : 0.0,
    "meanResTime" : 248.0099999999999,
    "medianResTime" : 174.0,
    "minResTime" : 7.0,
    "maxResTime" : 1326.0,
    "pct1ResTime" : 527.9000000000001,
    "pct2ResTime" : 559.8499999999999,
    "pct3ResTime" : 1054.93,
    "throughput" : 29.420417769932335,
    "receivedKBytesPerSec" : 19.615661315828184,
    "sentKBytesPerSec" : 7.671144086496028
  },
  "GET /api/tasks/{id}/slots/available" : {
    "transaction" : "GET /api/tasks/{id}/slots/available",
    "sampleCount" : 500,
    "errorCount" : 0,
    "errorPct" : 0.0,
    "meanResTime" : 295.34200000000016,
    "medianResTime" : 279.5,
    "minResTime" : 4.0,
    "maxResTime" : 1676.0,
    "pct1ResTime" : 531.9000000000001,
    "pct2ResTime" : 645.75,
    "pct3ResTime" : 1163.3000000000006,
    "throughput" : 27.861361863367883,
    "receivedKBytesPerSec" : 18.56333975885991,
    "sentKBytesPerSec" : 5.468880600133734
  },
  "准备登录测试用户" : {
    "transaction" : "准备登录测试用户",
    "sampleCount" : 500,
    "errorCount" : 0,
    "errorPct" : 0.0,
    "meanResTime" : 19.95200000000001,
    "medianResTime" : 0.0,
    "minResTime" : 0.0,
    "maxResTime" : 1872.0,
    "pct1ResTime" : 1.0,
    "pct2ResTime" : 1.0,
    "pct3ResTime" : 1070.0100000000018,
    "throughput" : 26.983270372369134,